{"loss": {"train": [1.5047413197624715, 1.253584086590106, 1.1392058313960005, 1.0551988519061253, 0.9908543172699716, 0.9414918083516534, 0.8944302549599992, 0.8544314703368165, 0.8144131758252678, 0.7818611997472661, 0.7475409126647597, 0.7164886611730547, 0.6816889953125468, 0.6585782347890117, 0.6278511658882546, 0.6022997234026184, 0.5775864051507257, 0.554146776647519, 0.5328692589193353, 0.5118736759056826, 0.4990633070811896, 0.47817827054225576, 0.4553450817799629, 0.43601989963322957, 0.42575797221392314, 0.41218254463675685, 0.3947154453495884, 0.38685295972830197, 0.3656585622778939, 0.35375336931108514, 0.3502331827112171, 0.3327565382775443, 0.3256665374940771, 0.3168269316463367, 0.3080646813087299, 0.3046748022956159, 0.28979735000206686, 0.28309061241043193, 0.2788181616674604, 0.2704395679161524], "val": [3.082404964289088, 3.086171677158137, 3.0724890270050924, 2.697851600161024, 2.7010912196651384, 2.6174087949619174, 2.899561276101762, 2.6464776187945325, 2.481775242811555, 2.8468481947661965, 2.774062878007342, 2.5098930323959157, 3.3965060604605704, 2.532721063134017, 2.582855280797193, 2.775429368778399, 2.833730964903619, 3.0182505200622947, 2.554590902510722, 3.29184908472049, 3.4803763468554068, 3.0911669222412597, 3.315341413400735, 3.196590982424985, 3.262376581787304, 3.720251576915668, 3.799715856078324, 3.286535691303812, 3.93461481173327, 4.179894877087539, 3.6788083276930887, 3.266316468548623, 3.7826442870364825, 3.788143010655786, 3.5135549770039356, 3.8366353496624406, 3.8050737426539136, 4.008575907178745, 3.8984096642512425, 3.8915558028372987]}, "acc": {"train": [0.45766064578005117, 0.5532888427109974, 0.599144820971867, 0.6283767583120204, 0.6523537404092071, 0.6707960358056266, 0.6890784846547314, 0.6999080882352942, 0.7143542199488491, 0.7286804667519181, 0.7421875, 0.7530171035805626, 0.7629076086956522, 0.7708999360613811, 0.7813299232736572, 0.7892023657289002, 0.7992726982097187, 0.8074048913043478, 0.814917679028133, 0.8204723465473146, 0.8238690856777494, 0.8345188618925832, 0.8410326086956522, 0.8467671035805626, 0.8517423273657289, 0.8570172634271099, 0.8609135230179028, 0.8634710677749361, 0.8717631074168798, 0.8747802109974424, 0.8764785805626598, 0.8824328644501279, 0.8848505434782609, 0.8884870524296675, 0.8917639066496164, 0.8923233695652174, 0.8991168478260869, 0.8996962915601023, 0.8992766943734015, 0.9036125319693095], "val": [0.3206608280254777, 0.2991640127388535, 0.2906050955414013, 0.350218949044586, 0.36863057324840764, 0.3926154458598726, 0.3535031847133758, 0.40246815286624205, 0.4055533439490446, 0.38664410828025475, 0.41361464968152867, 0.4328224522292994, 0.3651472929936306, 0.4387937898089172, 0.4481488853503185, 0.4400875796178344, 0.44615843949044587, 0.44227707006369427, 0.47880175159235666, 0.4320262738853503, 0.41968550955414013, 0.45302547770700635, 0.43322054140127386, 0.443968949044586, 0.4316281847133758, 0.4317277070063694, 0.4131170382165605, 0.4590963375796178, 0.4280453821656051, 0.3874402866242038, 0.45551353503184716, 0.4713375796178344, 0.459593949044586, 0.4346138535031847, 0.473328025477707, 0.4694466560509554, 0.4498407643312102, 0.4390923566878981, 0.4442675159235669, 0.4671576433121019]}}