{"loss": {"train": [1.4759957730160345, 1.193964615197438, 1.0601140988604796, 0.9707448880385865, 0.899926223337193, 0.8439070417752961, 0.7940796044705164, 0.7454622579962397, 0.6996596221957365, 0.6653969914788176, 0.6246415080545503, 0.5860667873907577, 0.5556807401006484, 0.5229033017745408, 0.49255307053056213, 0.4683709569332545, 0.43836454673648795, 0.41757250483840935, 0.39679285072152265, 0.36939733046704853, 0.35316252613159094, 0.3347635601582887, 0.3213931132403329, 0.29818371831989654, 0.28262379928432463, 0.27072500746192224, 0.26090880863540006, 0.24554305809461857, 0.23734542333027897, 0.22955687907155212, 0.21744850453208475, 0.21079513089983817, 0.20181088551612156, 0.19717316272313637, 0.18475430732702508, 0.18019951988592783, 0.17515038871837546, 0.16582164571851568, 0.1618974086735636, 0.1596755877308681], "val": [5.5846881289391, 5.273298675087607, 5.7961325250613465, 4.4669855901390125, 4.838130577354674, 4.0847516485080595, 4.279072656752957, 4.496391584918757, 3.9957143470739864, 3.52973330248693, 3.413114609991669, 4.3134962646824535, 3.4044095467609963, 3.098604862097722, 2.909151428064723, 2.8765331605437456, 3.324007857377362, 3.208911375634989, 3.301299561360839, 2.8527071012812817, 3.1552785027558636, 2.4969326455122345, 2.8286527326911877, 3.2354513004327274, 3.0723519325256348, 2.661459335855618, 2.916790146736582, 2.997749747744032, 2.5771993527746506, 3.1704596987195837, 3.569448330599791, 2.408102179029185, 3.4428356642935687, 3.0292872653645313, 2.9288118523397264, 2.3427699439844507, 2.3268764429031665, 2.632365729398788, 2.5984319243461464, 2.6327050377608865]}, "acc": {"train": [0.47138746803069054, 0.5735693734015346, 0.6252597506393862, 0.6563499040920716, 0.6850623401534527, 0.703065057544757, 0.7213275255754475, 0.7381913363171355, 0.7556345907928389, 0.766983695652174, 0.7821291560102301, 0.7953364769820972, 0.8043877877237852, 0.8171355498721228, 0.8279651534526854, 0.8359574808184144, 0.8464074488491049, 0.8545596227621484, 0.8602341751918159, 0.8702645460358056, 0.876358695652174, 0.8841512148337596, 0.8883272058823529, 0.8960997442455243, 0.9034327046035806, 0.905690537084399, 0.9101662404092071, 0.9139226342710998, 0.9186381074168798, 0.9210957480818415, 0.9251318734015346, 0.9263307225063938, 0.9297674232736572, 0.9318853900255755, 0.9359814578005116, 0.9373001918158568, 0.9375999040920716, 0.9422554347826086, 0.9438738810741688, 0.9455322890025576], "val": [0.15057722929936307, 0.18710191082802546, 0.15535429936305734, 0.23497213375796178, 0.23188694267515925, 0.2532842356687898, 0.25139331210191085, 0.2627388535031847, 0.2971735668789809, 0.3333996815286624, 0.3484275477707006, 0.27458200636942676, 0.3717157643312102, 0.40674761146496813, 0.4166998407643312, 0.43371815286624205, 0.38943073248407645, 0.41520700636942676, 0.4120222929936306, 0.4499402866242038, 0.4300358280254777, 0.5003980891719745, 0.47143710191082805, 0.44884554140127386, 0.4721337579617834, 0.5205015923566879, 0.49104299363057324, 0.48556926751592355, 0.5308519108280255, 0.48517117834394907, 0.45451831210191085, 0.559812898089172, 0.4593949044585987, 0.4987062101910828, 0.5124402866242038, 0.5769307324840764, 0.5715565286624203, 0.5445859872611465, 0.5504578025477707, 0.5439888535031847]}}