{"loss": {"train": [1.6303813161752414, 1.386425782042696, 1.2893976926651147, 1.2119025985145813, 1.1494669403566424, 1.0966219357060045, 1.0616807552707164, 1.0288566123798986, 0.9945001055669906, 0.9670723564636982, 0.9359809080200732, 0.9186255075894963, 0.8994461231295715, 0.8765375026504097, 0.855440171325908, 0.8356833552460536, 0.818850258541534, 0.8043040017718854, 0.7876860827512449, 0.7711013121068325, 0.7650324524287373, 0.7512742034766985, 0.7426641764085921, 0.7262356283567141, 0.7156416443379029, 0.702382813824717, 0.6969766256678135, 0.6818122504769689, 0.6749022208592471, 0.6602971001201884, 0.6575534731683219, 0.6463736597153232, 0.6364976248853956, 0.6361459934574258, 0.6242588123930689, 0.6163842231035233, 0.6035745307765044, 0.6039244202168091, 0.6007477130807574, 0.5853921395281086], "val": [2.8800023285446654, 2.774277992309279, 2.694076850915411, 2.881392614097352, 3.15206340012277, 3.5333292256494997, 4.007558901598499, 4.0348685850763015, 4.354851021128855, 4.025039821673351, 4.85878310233924, 4.066103317175701, 4.664589860636717, 4.3584072605060165, 4.37533370096972, 4.385943885062151, 4.103360865526138, 4.422767478189651, 4.765896528389804, 4.224103866868718, 4.754224834928087, 4.652700301188572, 4.384145612169982, 4.255588637795418, 4.57028148888023, 4.382711152362216, 4.2381419892523695, 4.504836688375777, 4.0578291355424625, 4.202843868049087, 3.982947278174625, 3.7339647271830563, 4.501623688230089, 4.4201926365020165, 3.8736142292144193, 3.9446185348899503, 3.80900300991763, 4.171507255286928, 4.155745401503934, 3.9955009700386386]}, "acc": {"train": [0.4046715153452685, 0.49978021099744246, 0.5398617327365729, 0.5676350703324808, 0.5941096547314578, 0.6122122762148338, 0.6280570652173914, 0.6363690856777494, 0.6517742966751918, 0.6604459718670077, 0.6723145780051151, 0.6785286125319693, 0.6869804987212276, 0.6939338235294118, 0.7029851342710998, 0.7066016624040921, 0.713914641943734, 0.719369405370844, 0.7251838235294118, 0.7307584718670077, 0.7323369565217391, 0.7388507033248082, 0.7419277493606138, 0.7485214194373402, 0.7516384271099744, 0.7550351662404092, 0.7557744565217391, 0.761468989769821, 0.7663642902813299, 0.7674632352941176, 0.7709998401534527, 0.7753556585677749, 0.7783527813299232, 0.7759351023017903, 0.7808903452685422, 0.7857257033248082, 0.787384111253197, 0.7877837276214834, 0.7914202365728901, 0.7946171675191815], "val": [0.19456608280254778, 0.24233678343949044, 0.29767117834394907, 0.305234872611465, 0.2762738853503185, 0.23905254777070065, 0.1930732484076433, 0.1761544585987261, 0.1777468152866242, 0.20123407643312102, 0.15575238853503184, 0.19974124203821655, 0.17496019108280256, 0.1949641719745223, 0.19357085987261147, 0.19874601910828024, 0.22541799363057324, 0.20242834394904458, 0.19058519108280256, 0.22929936305732485, 0.20123407643312102, 0.20810111464968153, 0.21815286624203822, 0.22969745222929935, 0.21785429936305734, 0.23556926751592358, 0.24810907643312102, 0.23716162420382167, 0.265625, 0.2630374203821656, 0.2851313694267516, 0.2916003184713376, 0.25009952229299365, 0.25696656050955413, 0.29568073248407645, 0.3001592356687898, 0.3004578025477707, 0.28791799363057324, 0.2818471337579618, 0.29796974522292996]}}