{"loss": {"train": [1.4797630044810302, 1.180474524531523, 1.0349953246238592, 0.9475906650581019, 0.870836176492674, 0.8070655818790426, 0.7616405957723822, 0.7179328806488715, 0.6768003465498195, 0.6414787899274046, 0.605756024837189, 0.5746370637432083, 0.5444682167695306, 0.5184448835871104, 0.49607766928422786, 0.4659465176751242, 0.4429575431796596, 0.4247364049677349, 0.4045017344300704, 0.3842566352899727, 0.3602987150554462, 0.35082341791571253, 0.32924208451834175, 0.31197778498539536, 0.30046533994243274, 0.2860711353885777, 0.2736226654685367, 0.26043685065472827, 0.25193214299314465, 0.23954611586983246, 0.23173300652285975, 0.22622926885743275, 0.2128223338452599, 0.20727221053712966, 0.19359125063071014, 0.18919640700416188, 0.18327806282150166, 0.17492315590457844, 0.17200074320101677, 0.16771370247768624], "val": [4.077854482990921, 4.093560347891158, 3.9368030174522644, 3.7173787666733857, 3.3023712893200527, 2.9277356946544284, 2.401255103433208, 2.446106480185393, 2.268394647130541, 2.423449223967874, 2.18877173912753, 2.1220203584926143, 2.1134242172453814, 2.194753843887596, 2.0793149729443203, 2.118903715139741, 2.1667370446927987, 2.016081819109097, 2.185352326958043, 2.2727897235542347, 2.1474596702369158, 1.9509832380683558, 2.0241525962853886, 2.124865440806006, 2.1691560969231234, 2.188982328791527, 2.1926760168591883, 2.204481529582078, 2.1113226614939937, 2.1276579996582807, 2.180845491825395, 2.06993014000024, 2.2055237073047906, 2.129794795801685, 2.1455929609620648, 2.210611613313104, 2.0246297975254666, 2.127593335452353, 2.0211892693665376, 2.240177014451118]}, "acc": {"train": [0.4632153132992327, 0.581102141943734, 0.6348905051150895, 0.6689178388746803, 0.6957720588235294, 0.720548273657289, 0.732696611253197, 0.7490808823529411, 0.7641264386189258, 0.7766743925831202, 0.7905810421994884, 0.8008711636828645, 0.8118406329923273, 0.8221307544757033, 0.8283647698209718, 0.8375759271099744, 0.8455882352941176, 0.852861253196931, 0.8583160166240409, 0.8661884590792839, 0.874880115089514, 0.879275895140665, 0.8854499680306905, 0.8916040601023018, 0.8944413363171355, 0.9018941815856778, 0.9057105179028133, 0.9097466432225064, 0.9118845907928389, 0.9171795076726342, 0.9209958439897699, 0.9226142902813299, 0.9260509910485933, 0.9282888427109974, 0.9330043158567775, 0.9340233375959079, 0.9371003836317136, 0.9387787723785166, 0.9411964514066496, 0.9433543797953964], "val": [0.20710589171974522, 0.23248407643312102, 0.2333797770700637, 0.2789609872611465, 0.317078025477707, 0.3528065286624204, 0.40386146496815284, 0.4189888535031847, 0.43610668789808915, 0.4346138535031847, 0.46626194267515925, 0.49233678343949044, 0.4953224522292994, 0.4879578025477707, 0.5136345541401274, 0.5169187898089171, 0.5205015923566879, 0.5302547770700637, 0.5184116242038217, 0.5170183121019108, 0.5368232484076433, 0.5558320063694268, 0.5499601910828026, 0.5415007961783439, 0.542296974522293, 0.5469745222929936, 0.554140127388535, 0.5570262738853503, 0.5645899681528662, 0.5705613057324841, 0.5657842356687898, 0.5786226114649682, 0.5671775477707006, 0.5835987261146497, 0.5830015923566879, 0.5793192675159236, 0.6012141719745223, 0.5961385350318471, 0.6003184713375797, 0.5755374203821656]}}